product_title,rating(),rating_count,selling_price,MRP,dicountvalue,discount
Croma 140 cm (55 inch  4K Ultra HD Google TV with Dolby Audio,3.5,15,30990,76500,45510,59% Off
Croma 102 cm (40 inch  Full HD LED Smart Google TV with Dolby Audio,3.4,17,15490,29900,14410,48% Off
Croma 80 cm (32 inch  HD Ready LED Smart Google TV with Dolby Audio,3.8,32,10590,25000,14410,58% Off
Croma 127 cm (50 inch  4K Ultra HD LED Google TV with Bezel Less Display,5,1,28490,45500,17010,37% Off
Westinghouse W2 Series 100 cm (40 inch  Full HD LED Smart Android TV with Dolby Digital Plus (2023 model ,3,2,13999,26999,13000,48% Off
Xiaomi A Series 80 cm (32 inch  HD Ready LED Smart Google TV with Voice Assistant (2024 model ,3.9,10,11990,24999,13009,52% Off
SONY Bravia 2 108 cm (43 inch  4K Ultra HD LCD Google TV with Live Colour Technology (2024 model ,5,4,38890,59900,21010,35% Off
KODAK 9XPRO 108 cm (43 inch  Full HD LED Smart Android TV with Dolby Digital Plus (2023 model ,5,1,16999,29999,13000,43% Off
Croma 109 cm (43 inch  Full HD LED Smart Google TV with Bezel Less Display,3.8,4,21990,34000,12010,35% Off
Croma 80 cm (32 inch  HD Ready LED Smart Google TV with Dolby Audio (2025 model ,5,2,12490,25000,12510,50% Off
BLAUPUNKT 55QD7020 139 cm (55 inch  QLED 4K Ultra HD Google TV with Quantum Dot Technology (2022 model ,5,8,30999,59999,29000,48% Off
Westinghouse W2 Series 80 cm (32 inch  HD Ready LED Smart Android TV with Google Assistant (2023 model ,1,1,8999,17999,9000,50% Off
Croma 80 cm (32 inch  HD Ready QLED Pro Smart Google TV with Dolby Audio (2025 model ,5,1,14990,28500,13510,47% Off
iFFALCON Q73 126 cm (50 inch  QLED 4K Ultra HD Google TV with Dolby Audio (2023 model ,4.5,2,33999,112990,78991,70% Off
Croma 80 cm (32 inch  HD Ready LED TV with Bezel Less Display,3.9,23,7390,9500,2110,22% Off
Croma 80 cm (32 inch  HD Ready LED Smart Linux TV with Dolby Audio,3.3,38,8590,18000,9410,52% Off
Croma 60 cm (24 inch  HD Ready LED TV with A Plus Grade Panel,4,10,5590,7000,1410,20% Off
LG LM56 80cm (32 Inch  HD Ready LED Smart WebOS TV with DTS Virtual:X (2019 Model ,4,27,13490,21990,8500,39% Off
KODAK 32SE5001BL 80 cm (32 inch  HD Ready LED Smart Linux TV with DLED Panel (2023 model ,5,2,8499,14999,6500,43% Off
Xiaomi A Series 80 cm (32 inch  HD Ready LED Smart Google TV with Voice Assistant (2024 model ,3.9,10,11990,24999,13009,52% Off
SAMSUNG T4380A Series 80 cm (32 inch  HD Ready LED Smart Tizen TV with PurColor (2022 model ,3.3,12,13990,18900,4910,26% Off
Redmi F Series 80 cm (32 inch  HD Ready LED Smart Fire TV with Dolby Audio (2024 model ,4,2,10999,24999,14000,56% Off
Westinghouse W2 Series 80 cm (32 inch  HD Ready LED Smart Android TV with Google Assistant (2023 model ,1,1,8999,17999,9000,50% Off
SONY Bravia 80 cm (32 inch  HD Ready LED Smart Google TV with Built in Alexa (2022 model ,5,4,21990,34900,12910,37% Off
SAMSUNG Series 4 80 cm (32 inch  HD Ready LED Smart Tizen TV with Hyper Real Picture Engine (2020 Model ,3,46,14980,22900,7920,35% Off
SAMSUNG Series 4 80 cm (32 inch  HD Ready LED Smart Tizen TV with Hyper Real Picture Engine,4.6,125,16650,22900,6250,27% Off
SAMSUNG Series 4 80 cm (32 inch  HD Ready LED Smart Tizen TV with Alexa Compatibility,4.4,61,20290,26900,6610,25% Off
XElectron 60 cm (24 inch  HD Ready TV with Bezel Less Display (2023 model ,4.7,88,5699,13999,8300,59% Off
Croma 80 cm (32 inch  HD Ready LED Smart Google TV with A Plus Grade Panel,4,9,9994,18000,8006,44% Off
acer I Series 80 cm (32 inch  HD Ready LED Smart Google TV with Dolby Audio (2023 model ,3,25,8999,20999,12000,57% Off
KODAK 9XPRO 80 cm (32 inch  HD Ready LED Smart Android TV with Dolby Audio,4,4,9999,17999,8000,44% Off
Xiaomi A Series 80 cm (32 inch  HD LED Smart Google TV with 20W Speaker,3.1,36,10990,24999,14009,56% Off
XElectron 80 cm (32 inch  HD Ready TV with Bezel Less Display (2023 model ,4.9,41,7699,17999,10300,57% Off
XElectron Series X 80 cm (32 inch  HD Ready LED Android TV with Dolby Audio (2022 model ,4.7,83,8999,18999,10000,53% Off
Croma 109 cm (43 inch  Full HD LED Smart Linux TV with Bezel Less Display,3.5,94,15990,34000,18010,53% Off
Croma 102 cm (40 inch  Full HD LED Smart Google TV with Dolby Audio,3.4,17,15490,29900,14410,48% Off
Westinghouse W2 Series 100 cm (40 inch  Full HD LED Smart Android TV with Dolby Digital Plus (2023 model ,3,2,13999,26999,13000,48% Off
KODAK 9XPRO 108 cm (43 inch  Full HD LED Smart Android TV with Dolby Digital Plus (2023 model ,5,1,16999,29999,13000,43% Off
Croma 109 cm (43 inch  Full HD LED Smart Google TV with Bezel Less Display,3.8,4,21990,34000,12010,35% Off
TCL S Series 80 cm (32 inch  Full HD LED Smart Google TV with Dolby Audio (2024 model ,4.4,12,13990,23990,10000,42% Off
TCL S Series 80 cm (32 inch  Full HD LED Smart Android TV with Built in Google Assistant (2024 model ,3.2,5,11990,21990,10000,45% Off
Croma Fire TV 127 cm (50 inch  4K Ultra HD LED Fire TV with Alexa Compatibility,4.7,35,30990,44000,13010,30% Off
LG LQ57 81.28 cm (32 inch  HD Ready LED Smart WebOS TV with Gen5 AI Processor,4.7,39,17590,25990,8400,32% Off
PHILIPS 6800 Series 108 cm (43 inch  Full HD LED Smart SAPHI TV with Vivid Picture Mode (2021 model ,1,1,15999,35990,19991,56% Off
Xiaomi A Series 108 cm (43 inch  Full HD LED Smart Google TV with Dolby Audio (2023 model ,2.5,2,18999,35999,17000,47% Off
FOXSKY FSVS 108 cm (43 inch  Full HD LED Smart Android TV (2021 model ,2.2,11,12999,41499,28500,69% Off
iFFALCON F52 108 cm (43 inch  Full HD LED Smart Android TV with Google Assistant (2021 model ,2.3,3,45990,,,
,Fridge,,,,,
"SAMSUNG Stylish Grande 183 Litres3 Star Direct Cool Single Door Refrigerator with Anti Bacterial Gasket (RR20C2Y23S8/HL, Elegant Inox ",3.6,9,16590,19999,3409,17% Off
Croma 84 Litres 2 Star Direct Cool Single Door Refrigerator with Reversible Door ( Grey ,1.9,15,9990,12000,2010,17% Off
"Whirlpool Icemagic Pro 192 Litres 3 Star Direct Cool Single Door Refrigerator with Stabilizer Free Operation (72568, Steel ",3.8,10,15590,19530,3940,20% Off
"Haier 190 Litres 5 Star Direct Cool Single Door Refrigerator with Stabilizer Free Operation (HRD2105BISP, Inox Steel ",3.7,3,17990,24690,6700,27% Off
"SAMSUNG Horizontal Curve 189 Litres 5 Star Direct Cool Single Door Refrigerator with Anti Bacterial Gasket (RR21C2H25DX/HL, Luxe Brown ",4.9,8,19800,23999,4199,18% Off
Croma 183 Litres 2 Star Direct Cool Single Door Refrigerator with AntiFungal Door Gasket ( Rosalind Wine ,3.4,15,12490,16000,3510,22% Off
Croma 215 Litres 3 Star Direct Cool Single Door Refrigerator with Anti Fungal Gasket ( Criss Cross Metallic Grey ,3.8,19,15690,20000,4310,22% Off
"SAMSUNG Stylish Grande 223 Litres3 Star Direct Cool Single Door Refrigerator with Anti Bacterial Gasket (RR24D2Z23CU/NL, Camellia Blue ",1,1,18990,25999,7009,27% Off
"Haier 190 Litres 3 Star Direct Cool Single Door Refrigerator with Diamond Edge Freezing Technology (HRD2103CBSP, Brushline Silver ",2.9,10,15790,21590,5800,27% Off
"SAMSUNG Stylish Grande 183 Litres4 Star Direct Cool Single Door Refrigerator with Anti Bacterial Gasket (RR20C1724CR/HL, Camellia Purple ",2.7,3,15690,21999,6309,29% Off
"Haier 190 Litres 2 Star Direct Cool Single Door Refrigerator with Diamond Edge Freezing Technology (HRD2102BNSP, Nickel Steel ",2,1,13490,19090,5600,29% Off
Croma 165 Litres 2 Star Direct Cool Single Door Refrigerator with Anti Fungal Gasket ( PCM Floral ,3.1,18,11990,13500,1510,11% Off
"SAMSUNG Horizontal Curve 189 Litres 5 Star Direct Cool Single Door Refrigerator with Anti Bacterial Gasket (RR21D2H259U/HL, Paradise Bloom Blue ",4.7,3,17990,21999,4009,18% Off
"Croma 251 Litres 4 Star Direct Cool Single Door Refrigerator with Anti Fungal Gasket (CRLR251DIE302704, Blue ",4.3,9,19990,24000,4010,17% Off
Croma 165 Litres 2 Star Direct Cool Single Door Refrigerator with Anti Fungal Gasket ( Criss Cross Metallic Grey ,4,5,12290,13500,1210,9% Off
"Whirlpool Icemagic Powercool 184 Litres 3 Star Direct Cool Single Door Refrigerator with Stabilizer Free Operation (72511, Steel ",3,2,14490,18210,3720,20% Off
"SAMSUNG Stylish Grande 183 Litres 5 Star Direct Cool Single Door Refrigerator with Anti Bacterial Gasket (RR20D2825HV/NL, Blue Arctic ",1,1,17490,22999,5509,24% Off
"LG 185 Litres 3 Star Direct Cool Single Door Refrigerator with Stabilizer Free Operation (GLB201APZD, Shiny Steel ",4.6,5,16190,19599,3409,17% Off
Croma 185 Litres 2 Star Direct Cool Single Door Refrigerator with Anti Fungal Gasket ( Criss Cross Metallic Grey ,4.4,7,12990,16000,3010,19% Off
"Whirlpool Vitamagic Pro 192 Litres 3 Star Direct Cool Single Door Refrigerator with Zeolite Technology (73131, Grey ",1,1,17590,21200,3610,17% Off
"SAMSUNG DigiTouch Cool 215 Litres 3 Star Direct Cool Single Door Refrigerator with Anti Bacterial Gasket (RR23D2E23UZ/HL, Midnight Blossom Blue ",5,1,16990,27999,11009,39% Off
"Tropicool PortaChill 5 Litres Single Door Car Portable Chiller and Warmer (Heating and Cooling Function, PC05, Black ",3.1,5,4949,5300,351,7% Off
"SAMSUNG Stylish Grande 223 Litres3 Star Direct Cool Single Door Refrigerator with Base Stand Drawer (RR24C2823CU/NL, Camellia Blue ",4.9,7,22100,25999,3899,15% Off
"Whirlpool IMPRO 192 Litres 3 Star Direct Cool Single Door Refrigerator with Stabilizer Free Operation (215 IMPRO ROY, Purple ",5,3,17390,21520,4130,19% Off
"Whirlpool Vitamagic Pro 192 Litres 3 Star Direct Cool Single Door Refrigerator with Zeolite Technology (73132, Grey ",4,1,18990,22350,3360,15% Off
Croma 206 Litres 4 Star Direct Cool Single Door Refrigerator with Inverter Compressor ( Blue ,5,2,17690,24000,6310,26% Off
"SAMSUNG Horizontal Curve 215 Litres 5 Star Direct Cool Single Door Refrigerator with Anti Bacterial Gasket (RR23D2H359U/HL, Paradise Bloom Blue ",5,1,19990,30999,11009,36% Off
"Haier 215 Litres 3 Star Direct Cool Single Door Refrigerator with Stabilizer Free Operation (HED223RFBP, Red Opal ",3,2,16990,24990,8000,32% Off
"Croma 45 Litres 2 Star Direct Cool Single Door Refrigerator with AntiFungal Door Gasket (2025 Model, CRLR045DCC290113, Metallic Grey ",2.5,2,8790,11000,2210,20% Off
"SAMSUNG Stylish Grande 183 Litres3 Star Direct Cool Single Door Refrigerator with Anti Bacterial Gasket (RR20C1723S8/HL, Elegant Inox ",4.4,8,15290,18999,3709,20% Off
"SAMSUNG Stylish Grande 183 Litres 5 Star Direct Cool Single Door Refrigerator with Anti Bacterial Gasket (RR20D2825HN/NL, Himalaya Poppy Red ",5,1,17490,22999,5509,24% Off
"SAMSUNG Stylish Grande 183 Litres4 Star Direct Cool Single Door Refrigerator with Anti Bacterial Gasket (RR20C1724CU/HL, Camellia Blue ",3.1,17,15690,21999,6309,29% Off
"SAMSUNG Stylish Grande 183 Litres4 Star Direct Cool Single Door Refrigerator with Stabilizer Free Operation (RR20C1824CR/HL, Camellia Purple ",4,11,16390,22999,6609,29% Off
"SAMSUNG Stylish Grande 183 Litres3 Star Direct Cool Single Door Refrigerator with Anti Bacterial Gasket (RR20C1723R8/HL, Blooming Saffron Red ",3.3,3,15490,19999,4509,23% Off
"Haier 190 Litres 4 Star Direct Cool Single Door Refrigerator with Antibacterial Gasket (HED204DSP, Dazzle Steel ",3,2,13990,20990,7000,33% Off
"SAMSUNG Stylish Grande 183 Litres 2 Star Direct Cool Single Door Refrigerator with Stabilizer Free Operation (RR20C2412GS/NL, Grey Silver ",2.3,3,14190,17999,3809,21% Off
"Godrej Qub30 Litres Frost Free Single Door Refrigerator with Solid State Electronic Cooling (TEC QUBE 30L HS Q103, Black ",3.2,6,8040,8250,210,3% Off
"Midea Mini Bar 93 Litres 1 Star Direct Cool Single Door Mini Refrigerator with Reversible Door (MDRD142FGF03, Silver ",1,1,8600,13990,5390,39% Off
"SAMSUNG 215 Litres 5 Star Direct Cool Single Door Refrigerator with DigiTouch Cool (RR23C2F35DX/HL, Luxe Brown ",3,4,19000,27999,8999,32% Off
"SAMSUNG 189 Litres 5 Star Direct Cool Single Door Refrigerator (RR21C2H25S8/HL, Elegant Inox ",5,3,16400,25999,9599,37% Off
"Midea 45 Litres 3 Star Direct Cool Single Door Mini Refrigerator with Reversible Door (MDRD86FGE03, Bright Crystal Gray ",4.5,2,7490,11490,4000,35% Off
"LG 261 Litres 3 Star Direct Cool Single Door Refrigerator with Stabilizer Free Operation (GLB281BPZX.DPZZEB, Shiny Steel ",4.8,8,25590,30399,4809,16% Off
"SAMSUNG 223 Litres 3 Star Direct Cool Single Door Refrigerator (RR24C2Y23S8/NL, Elegant Inox ",3,2,15850,22999,7149,31% Off
"VOLTAS beko 183 Litres 5 Star Direct Cool Single Door Refrigerator with Reciprocating Compressor (RDC215A / W0VWR0M0, Vivi Wine ",4.5,4,13900,29290,15390,53% Off
"Haier 185 Litres 2 Star Direct Cool Single Door Refrigerator with Antibacterial Gasket (HED192RSP, Red Steel ",4,1,11500,16990,5490,32% Off
"SAMSUNG 183 Litres 2 Star Direct Cool Single Door Refrigerator with Base Drawer (RR20C2Z226U/NL, Mystic Overlay Blue ",5,1,13900,19999,6099,31% Off
"VOLTAS beko 173 Litres 3 Star Direct Cool Single Door Refrigerator with Reciprocating Compressor (RDC205C / S0PBE0M0, Peony Blue ",4,1,11500,23990,12490,52% Off
"SAMSUNG Stylish Grande 223 Litres3 Star Direct Cool Single Door Refrigerator with Base Stand Drawer (RR24C2Z23CR/NL, Camellia Purple ",2,4,19590,24999,5409,22% Off
,AC,,,,,
"DAIKIN Premium Series 1.5 Ton 3 Star Inverter Split Smart AC with Dew Clean Technology (Copper Condenser, ATKL50UV16V/U/V3 ",4,59,37490,58400,20910,36% Off
"VOLTAS 163V Vectra Pearl 4 in 1 Convertible 1.3 Ton 3 Star Inverter Split AC with Anti Dust Filter ( Copper Condenser, 4503543 ",3.4,45,30990,60636,29646,49% Off
"DAIKIN Premium Series 1 Ton 3 Star Inverter Split Smart AC with Dew Clean Technology (Copper Condenser, ATKL35UV16W ",3.9,28,32990,48200,15210,32% Off
"Blue Star Y Series 5 in 1 Convertible 1.5 Ton 3 Star Inverter Split AC with Self Diagnosis (Copper Condenser, ID318YKU ",3.9,15,35990,61250,25260,41% Off
"Godrej 5 in 1 Convertible 2 Ton 3 Star Inverter Split AC with Dust Filter (Copper Condenser, SIC 24ITC3WWA ",4.8,5,42290,60990,18700,31% Off
"Daikin Standard Series 0.8 Ton 3 Star Split AC (Copper Condenser, PM 2.5 Filter, FTL28U ",3.9,8,26490,37400,10910,29% Off
"Blue Star Y Series 5 in 1 Convertible 1.2 Ton 3 Star Inverter Split AC with Turbo Cool (Copper Condenser, IC315YNU ",3.3,4,33990,57500,23510,41% Off
"LLOYD 5 in 1 Convertible 1.2 Ton 3 Star Inverter Split AC with Antibacteria Filter (Copper Condenser, GLS15I3FWSEV ",3.4,43,32990,54990,22000,40% Off
"Blue Star M Series 5 in 1 Convertible 1.5 Ton 3 Star Inverter Split AC with 4Way Swing (Copper Condenser, IC318MNU ",4.5,30,36490,63500,27010,43% Off
"Blue Star Y Series 5 in 1 Convertible 1.5 Ton 4 Star Inverter Split AC with Dust Filter (Copper Condenser, ID418YNU ",5,2,41900,69500,27600,40% Off
"Croma 1 Ton 2 Star Split AC (Copper Condenser, Dust Filter ",1,1,28990,40000,11010,28% Off
"Blue Star YNUS 5 in 1 Convertible 1.5 Ton 3 Star Inverter Split Smart AC with Turbo Cool (Copper Condenser, IC318YNUS ",5,4,37490,64250,26760,42% Off
"Carrier Ester Neo Plus Exi 6 in 1 Convertible 1.5 Ton 3 Star Inverter Split AC with Auto Cleanser (Copper Condenser, CAI18ER3R34F0 ",3.2,11,34990,67790,32800,48% Off
"Croma 1.5 Ton 2 Star Split AC (Copper Condenser, Dust Filter ",3,1,32990,48000,15010,31% Off
"VOLTAS 185V Vectra Elite 4 in 1 Convertible 1.5 Ton 5 Star Inverter Split AC with Anti Dust Filter (Copper Condenser, 4503453 ",3.9,35,41990,75990,34000,45% Off
"Panasonic NU 7 in 1 Convertible 1.5 Ton 3 Star Inverter Split Smart AC with AI Mode ( Copper Condenser, CS/CUNU18YKY5W ",2.6,5,40990,63400,22410,35% Off
"VOLTAS 183V Vectra Platina 4 in 1 Convertible 1.5 Ton 3 Star Inverter Split AC with Anti Microbial Air FIlteration (Copper Condenser, 4503448 ",3.1,45,33990,63990,30000,47% Off
"VOLTAS Vectra 4 in 1 Convertible 1.5 Ton 5 Star Inverter Split AC with AntiDust Filter (Copper Condenser, 185V Vectra Pearl Marvel ",2,1,40890,75990,35100,46% Off
"DAIKIN Standard Series 1 Ton 3 Star Split AC (Copper Condenser, PM 2.5 Filter, FTL35UV ",4.7,9,32990,46000,13010,28% Off
"Carrier Ester Pro Exi 6 in 1 Convertible 1.5 Ton 5 Star Inverter Split AC with Auto Cleanser (Copper Condenser, CAI18ES5R34F1 ",3.1,7,40990,76090,35100,46% Off
"LG 6 in 1 Convertible 1.5 Ton 5 Star Dual Inverter Split AC with 6 Step Fan Speed (2025 Model, Copper Condenser, USQ19HNZE.ANLG ",5,6,44990,81990,37000,45% Off
"LG 6 in 1 Convertible 1.5 Ton 3 Star Dual Inverter Split AC with 6 Step Fan Speed (2025 Model, Copper Condenser, USQ18RNXE.AMLG ",5,1,35990,78990,43000,54% Off
"LG 6 in 1 Convertible 1 Ton 5 Star Dual Inverter Split AC with 6 Step Fan Speed (2025 Model, Copper Condenser, USQ14ANZE.AMLG ",2.6,5,40290,75990,35700,47% Off
"LG 6 in 1 Convertible 2 Ton 3 Star Dual Inverter Split AC with 4 Way Swing (2025 Model, Copper Condenser, USQ24ENXE.ANLG ",4,1,55490,95990,40500,42% Off
"DAIKIN Premium Series 1.5 Ton 3 Star Inverter Split Smart AC with Dew Clean Technology (Copper Condenser, ATKL50UV16V/U/V3 ",4,59,37490,58400,20910,36% Off
"VOLTAS 163V Vectra Pearl 4 in 1 Convertible 1.3 Ton 3 Star Inverter Split AC with Anti Dust Filter ( Copper Condenser, 4503543 ",3.4,45,30990,60636,29646,49% Off
"Godrej 5 in 1 Convertible 1.5 Ton 3 Star Inverter Split AC With Anti Dust Filter (Copper Condenser, SIC 18TTC3WYQ ",4.2,22,31990,45900,13910,30% Off
"DAIKIN Premium Series 1 Ton 3 Star Inverter Split Smart AC with Dew Clean Technology (Copper Condenser, ATKL35UV16W ",3.9,28,32990,48200,15210,32% Off
"Blue Star Y Series 5 in 1 Convertible 1.5 Ton 3 Star Inverter Split AC with Self Diagnosis (Copper Condenser, ID318YKU ",3.9,15,35990,61250,25260,41% Off
"Godrej 5 in 1 Convertible 2 Ton 3 Star Inverter Split AC with Dust Filter (Copper Condenser, SIC 24ITC3WWA ",4.8,5,42290,60990,18700,31% Off
"Daikin Standard Series 0.8 Ton 3 Star Split AC (Copper Condenser, PM 2.5 Filter, FTL28U ",3.9,8,26490,37400,10910,29% Off
"Blue Star Y Series 5 in 1 Convertible 1.2 Ton 3 Star Inverter Split AC with Turbo Cool (Copper Condenser, IC315YNU ",3.3,4,33990,57500,23510,41% Off
"LLOYD 5 in 1 Convertible 1.2 Ton 3 Star Inverter Split AC with Antibacteria Filter (Copper Condenser, GLS15I3FWSEV ",3.4,43,32990,54990,22000,40% Off
"Blue Star M Series 5 in 1 Convertible 1.5 Ton 3 Star Inverter Split AC with 4Way Swing (Copper Condenser, IC318MNU ",4.5,30,36490,63500,27010,43% Off
"Godrej 1.5 Ton 3 Star Fixed Speed Window AC (Copper Condenser, Anti Dust Filter, WFC 18UTC3WWA ",4,8,27790,41990,14200,34% Off
"Blue Star YNUS 5 in 1 Convertible 1.5 Ton 3 Star Inverter Split Smart AC with Turbo Cool (Copper Condenser, IC318YNUS ",5,4,37490,64250,26760,42% Off
"Carrier Ester Neo Plus Exi 6 in 1 Convertible 1.5 Ton 3 Star Inverter Split AC with Auto Cleanser (Copper Condenser, CAI18ER3R34F0 ",3.2,11,34990,67790,32800,48% Off
"Voltas Vectra 1 Ton 3 Star Fixed Speed Window AC (2023 Model, Copper Condenser, Anti Dust Filter, 123 Vectra Platina ",2.5,4,27990,35990,8000,22% Off
"VOLTAS 183V Vectra Platina 4 in 1 Convertible 1.5 Ton 3 Star Inverter Split AC with Anti Microbial Air FIlteration (Copper Condenser, 4503448 ",3.1,45,33990,63990,30000,47% Off
"Croma 1 Ton 3 Star Fixed Speed Window AC (Copper Condenser, Dust Filter, CRLA012WAD193305 ",2,8,27490,33000,5510,17% Off
"DAIKIN Standard Series 1 Ton 3 Star Split AC (Copper Condenser, PM 2.5 Filter, FTL35UV ",4.7,9,32990,46000,13010,28% Off
"Blue Star L Series 1 Ton 3 Star Fixed Speed Window AC (Copper Condenser, Dust Filter, WFD312L ",5,1,26490,33000,6510,20% Off
"Carrier Ester Neo Plus Exi 6 in 1 Convertible 1 Ton 3 Star Inverter Split AC with Auto Cleanser (Copper Condenser, CAI12ER3R34F0 ",3.1,7,30990,56990,26000,46% Off
"Blue Star M Series 5 in 1 Convertible 1 Ton 3 Star Inverter Split AC with DigiQ Penta Sensor (Copper Condenser, IE312MNU ",5,1,32490,51750,19260,37% Off
VOLTAS 183v Vertis Elite Marvel 5 in 1 Convertible 1.5 Ton 3 Star Inverter Split AC with 4Way Swing (Copper Condenser ,4.7,9,37690,68990,31300,45% Off
"O GENERAL CPA Series 1 Ton 3 Star Inverter Split AC (Copper Condenser, Anti Bacterial Filter, ASGG12CPAAB ",4,8,38990,43330,4340,10% Off
"Midea Santis Pro Plus Deluxe 4 in 1 Convertible 1.5 Ton 3 Star Inverter Split AC with Auto Cleanser (Copper Condenser, MAI18SP3R34F0 ",3.7,3,33490,61790,28300,46% Off
,Fans,,,,,
"BAJAJ Pygmy Mini 110mm 3 Blade Rechargeable Personal Fan with 1800 mAh Battery (Silent Operation, Cerulean Blue ",3.5,85,1199,1620,421,26% Off
"BAJAJ Pygmy Mini 110mm 3 Blade Rechargeable Personal Fan with 1800 mAh Battery (Silent Operation, White Smoke ",3.4,32,1149,1620,471,29% Off
"USHA Maxx Air Ultra 400mm 3 Blade Thermal Overload Protector Table Fan (Jerk Free Oscillation, White ",4.5,17,1944,3100,1156,37% Off
"Crompton High Flo Wave Plus 400mm 3 Blade Copper Motor Table Fan (Aerodynamically Designed Blades, White ",4.3,9,1969,3149,1180,37% Off
"USHA Maxx Air Ultra 400mm 3 Blade Copper Motor Pedestal Fan (Sturdy Blades, White ",3,4,2799,4250,1451,34% Off
"Croma ECO 2 1200mm 3 Blade Copper Motor Ceiling Fan (Energy Efficient, Dark Coffee ",3.6,8,1999,3000,1001,33% Off
"BAJAJ Air Light 85mm 7 Blade Rechargeable Personal Fan with 1800 mAh Battery (Low Power Consumption, White ",3.4,11,1100,2000,900,45% Off
"Croma AF2093 5 Star 1200mm 3 Blade BLDC Motor Ceiling Fan with Remote (Energy Efficient, Smoke Brown ",2,5,3299,4200,901,21% Off
"PHILIPS 5000 Series Bladeless 2230 m3/hr Air Delivery Tower Fan with Remote (Quiet Sleep mode, Black ",2.3,6,8999,10490,1491,14% Off
"PORTRONICS Aero Breeze 178mm 3 Blade BLDC Motor Table Fan (360 Degree Cooling, White ",4.5,2,1075,3999,2924,73% Off
"HAVELLS Stealth Air 5 Star 1200mm 3 Blade BLDC Motor Ceiling Fan with Remote (Double Ball Bearing, Pearl White ",2,4,6852,12050,5198,43% Off
"USHA Mist Air Flo 400mm 3 Blade Inverter Technology Table Fan (Durable Design, Light Blue ",3,2,2499,2725,226,8% Off
"USHA Mist Air Flo 400mm 3 Blade Copper Motor Pedestal Fan (Aerodynamically Design, Light Blue ",5,2,2700,3490,790,23% Off
"Croma Tower Fan (3 Speed Settings, Grey ",1,4,5799,6000,201,3% Off
"Croma AF2305 4 Blade Rechargeable Personal Fan with 2000 mAh Battery (BLDC Copper Motor, White ",5,1,1099,1200,101,8% Off
"HAVELLS Elio 5 Star 1200mm 3 Blade BLDC Motor Ceiling Fan with Remote (Wood Finished Blades, Bianco ",5,1,3999,6530,2531,39% Off
"atomberg Studio 6 Inch 150mm Exhaust Fan with BLDC Motor (Double Ball Bearings, Black ",5,1,1649,3200,1551,48% Off
"GM Eco Air 150mm Exhaust Fan (Low Noise Operation, Black ",4.5,2,1219,1350,131,10% Off
"atomberg Renesa Smart 5 Star 1200mm 3 Blade BLDC Motor Smart Ceiling Fan with Remote (Boost Mode, Misty Teal ",1,1,3899,7350,3451,47% Off
"Crompton Torpedo 400mm 3 Blade High Speed Torpedo Table Fan (Smooth Oscillation, Black ",4.3,6,2379,3560,1181,33% Off
"Crompton Energion Cromair Plus 5 Star 1200mm 3 Blade BLDC Motor Ceiling Fan (Inverter Technology, Satin Sand ",5,3,4499,7249,2750,38% Off
"Croma ECO 1200mm 3 Blade Copper Motor Ceiling Fan (Inverter Technology, Brown ",2.8,11,1699,2600,901,35% Off
"PORTRONICS Toofan 60mm 3 Blade BLDC Motor Mini Rechargeable Fan with 2000 mAh Battery (Low Noise Desk Fan, White ",2.6,7,799,1999,1200,60% Off
"atomberg Renesa Plus 5 Star 1200mm 3 Blade BLDC Motor Ceiling Fan with Remote (LED Indicator, Pearl White ",2,3,4299,6230,1931,31% Off
"HAVELLS Stealth Air 5 Star 1200mm 3 Blade BLDC Motor Ceiling Fan with Remote (Inverter Technology, Metallic Black ",1,2,9189,12050,2861,24% Off
"atomberg Renesa Smart+ 5 Star 1200mm 3 Blade BLDC Motor Smart Ceiling Fan with Remote (Alexa & Google Assistant, Pearl White ",3.7,3,4747,8440,3693,44% Off
"Symphony Surround Bladeless 25 ft Air Throw 650 m3/hr Air Delivery Tower Fan (Powerful Air Throw, Dark Grey ",4.4,5,6199,6999,800,11% Off
"Russell Hobbs RTF4800 Bladeless 13800 m3/hr Air Delivery Tower Fan with Remote (Superior Quality, Black ",4.2,5,8589,10995,2406,22% Off
"atomberg Studio 6 Inch 150mm Exhaust Fan with BLDC Motor (Double Ball Bearings, Umber Brown ",2,1,1649,3200,1551,48% Off
"Crompton Surebreeze Super Briz Deco 1 Star 1200mm 3 Blade Copper Motor Ceiling Fan (Rust Proof, Smoked Brown ",1,1,2129,3139,1010,32% Off
"Crompton Torpedo 400mm 3 Blade Thermal Overload Protector Pedestal Fan (Anti Rust, Black ",2.8,4,3199,4060,861,21% Off
"BAJAJ Euro Prime 1 Star 1200mm 3 Blade Anti Bacterial Ceiling Fan (Dual Tone Trims, Brown & Bronze ",5,2,4000,7280,3280,45% Off
"Crompton Energion Hyperjet 5 Star 1200mm 3 Blade BLDC Motor Ceiling Fan with Remote (Anti rust, Brown ",3.4,5,2449,4849,2400,49% Off
"Croma Semi Deco 1200mm 3 Blade Copper Motor Ceiling Fan (Rust Proof, Dark Coffee ",5,5,2499,3700,1201,32% Off
"Crompton Brisk Air Plus 6 Inch 150mm Exhaust Fan (Auto Dust Protection Shutters, Black ",3,2,1099,1999,900,45% Off
"atomberg Renesa+ 5 Star 1200mm 3 Blade BLDC Motor Ceiling Fan with Remote (LED Indicator, Sand Grey ",4,1,4299,5740,1441,25% Off
"HAVELLS Equs 5 Star 1200mm 3 Blade BLDC Motor Ceiling Fan with Remote (Inverter Technology, Smoke Brown ",5,1,4859,6370,1511,24% Off
"atomberg Renesa 5 Star 1200mm 3 Blade BLDC Motor Ceiling Fan with Remote (LED Speed Indicator, White & Black ",2.3,3,3699,4870,1171,24% Off
"atomberg Renesa Plus 5 Star 1200mm 3 Blade BLDC Motor Ceiling Fan with Remote (LED Indicator, Golden Oakwood ",1,1,4899,6680,1781,27% Off
"Croma ECO 2 1200mm 3 Blade Copper Motor Ceiling Fan (Energy Efficient, Dark Coffee ",3.6,8,1999,3000,1001,33% Off
"Croma AF2093 5 Star 1200mm 3 Blade BLDC Motor Ceiling Fan with Remote (Energy Efficient, Smoke Brown ",2,5,3299,4200,901,21% Off
"Croma Tower Fan (3 Speed Settings, Grey ",1,4,5799,6000,201,3% Off
"Croma AF3705 500mm 3 Blade Silent Operation Pedestal Fan (Adjustable Setting, Military Green ",3.3,4,3999,4000,,
"Croma AF2305 4 Blade Rechargeable Personal Fan with 2000 mAh Battery (BLDC Copper Motor, White ",5,1,1099,1200,101,8% Off
"Croma ECO 1200mm 3 Blade Copper Motor Ceiling Fan (Inverter Technology, Brown ",2.8,11,1699,2600,901,35% Off
"Croma Semi Deco 1200mm 3 Blade Copper Motor Ceiling Fan (Rust Proof, Dark Coffee ",5,5,2499,3700,1201,32% Off
"Croma Semi Deco 1200mm 3 Blade Energy Efficient Ceiling Fan (Reliable Operation, Mid Buff ",3.2,6,2299,3700,1401,38% Off
"Croma ECO 1200mm 3 Blade Copper Motor Ceiling Fan (Inverter Technology, White ",4,11,1399,2600,1201,46% Off
,Laptops,,,,,
"Dell Inspiron 15 3530 Intel Core i5 13th Gen Thin & Light Laptop (16GB, 512GB SSD, Windows 11 Home, 15.6 inch Full HD WVA IPS Display, MS Office Home & Student 2021, Platinum Silver, 1.62 KG ",3,2,55990,65089,9099,14% Off
"HP 15sfr5009TU Intel Core i3 12th Gen Laptop (8GB, 512GB SSD, Windows 11 Home, 15.6 inch FHD Display, MS Office 2021, Natural Silver, 1.69 KG ",3.9,10,36490,51134,14644,29% Off
"acer Aspire 3 A32545 Intel Celeron N4500 Thin & Light Laptop (8GB, 512GB SSD, Windows 11 Home, 15.6 inch Full HD LED Backlit Display, Pure Silver, 1.5 KG ",5,2,24990,36999,12009,32% Off
"HP 14 gr0001TU Intel Core i5 13th Gen Thin & Light Laptop (16GB, 512GB SSD, Windows 11 Home, 14 inch Full HD Display, MS Office 2021, Natural Silver, 1.4 KG ",1,1,61990,70501,8511,12% Off
"HP Intel FR5007TU Core i5 12th Gen Thin and Light Laptop (8GB, 512GB, Windows 11 Home, 15.6 inch Full HD IPS Display, MS Office Home and Student 2021, Silver, 1.69 KG ",4.4,38,48990,68255,19265,28% Off
"DELL Inspiron 3530 Intel Core i7 13th Gen Thin and Light Laptop (16GB, 512GB SSD, Windows 11, 15.6 inch FHD LED Backlit Display, MS Office 2021, Platinum Silver, 1.65 KG ",4.2,6,67990,79990,12000,15% Off
"HP 15fc0026AU AMD Ryen 3 Thin and Light Laptop (8GB, 512GB SSD, Windows 11 Home, 15.6 inch FHD Display, MS Office 2021, Natural Silver, 1.75 KG ",5,1,30790,47716,16926,35% Off
"HP 14 EM0025AU AMD Ryen 3 Thin and Light Laptop (8GB, 512GB SSD, Windows 11 Home, 14 inch Full HD Display, MS Office 2021, Natural Silver, 1.4 KG ",1,1,33990,47715,13725,29% Off
"HP Pavilion 15eg3081TU Intel Core i5 13th Gen (15.6 inch, 16GB, 512GB, Windows 11 Home, MS Office 2021, Intel Iris Xe, Full HD IPS Display, Fog Blue, 875N6PA ",5,1,65490,84830,19340,23% Off
"ASUS Vivo book Go AMD Ryen 3 Laptop (8GB, 512GB SSD, Windows 11 Home, 14 inch Full HD LED Backlit Display, MS Office 2021, Mixed Black, 1.38 KG ",5,1,29990,50990,21000,41% Off
"Lenovo IdeaPad Gaming 3 15ACH6 AMD Ryzen 7 (15.6 inch, 8GB, 512GB, Windows 11, MS Office 2021, NVIDIA GeForce RTX 3050, Full HD IPS Display, Shadow Black, 82K2022XIN ",4.5,2,64990,123090,58100,47% Off
"DELL Inspiron 15 3520 Intel Core i3 12th Gen Notebook Laptop (8GB, 512GB SSD, Windows 11 Home, 15.6 inch Full HD Display, MS Office 2021, Carbon Black, 1.85 KG ",4.3,3,38990,54500,15510,28% Off
"acer Aspire Lite Intel Core i5 12th Gen Thin and Light Laptop (16GB, 512GB SSD, Windows 11, 15.6 inch Full HD Display, MS Office 2021, Steel Gray, 1.59 KG ",3,1,46990,67990,21000,31% Off
"DELL Inspiron 3520 Intel Core i5 12th Gen (15.6 inch, 8GB, 512GB, Windows 11, Microsoft Office 2021, Intel UHD Graphics, FHD LED Backlit Display, Platinum Silver, D560885WIN9S ",4.4,13,52990,74806,21816,29% Off
"ASUS Vivobook Go 14 E1404FANK521WS AMD Ryzen 5 7520U 7th Gen Thin and Light Laptop (8GB, 512GB SSD, Windows 11 Home, 14 inch Full HD Display, MS Office Home & Student 2021, Cool Silver, 1.38 KG ",5,1,35990,62990,27000,43% Off
"HP 15sfr5009TU Intel Core i3 12th Gen Laptop (8GB, 512GB SSD, Windows 11 Home, 15.6 inch FHD Display, MS Office 2021, Natural Silver, 1.69 KG ",3.9,10,36490,51134,14644,29% Off
"HP Intel FR5007TU Core i5 12th Gen Thin and Light Laptop (8GB, 512GB, Windows 11 Home, 15.6 inch Full HD IPS Display, MS Office Home and Student 2021, Silver, 1.69 KG ",4.4,38,48990,68255,19265,28% Off
"HP 15fc0026AU AMD Ryen 3 Thin and Light Laptop (8GB, 512GB SSD, Windows 11 Home, 15.6 inch FHD Display, MS Office 2021, Natural Silver, 1.75 KG ",5,1,30790,47716,16926,35% Off
"HP 14 EM0025AU AMD Ryen 3 Thin and Light Laptop (8GB, 512GB SSD, Windows 11 Home, 14 inch Full HD Display, MS Office 2021, Natural Silver, 1.4 KG ",1,1,33990,47715,13725,29% Off
"DELL Inspiron 15 3520 Intel Core i3 12th Gen Notebook Laptop (8GB, 512GB SSD, Windows 11 Home, 15.6 inch Full HD Display, MS Office 2021, Carbon Black, 1.85 KG ",4.3,3,38990,54500,15510,28% Off
"acer Aspire Lite Intel Core i5 12th Gen Thin and Light Laptop (16GB, 512GB SSD, Windows 11, 15.6 inch Full HD Display, MS Office 2021, Steel Gray, 1.59 KG ",3,1,46990,67990,21000,31% Off
"ASUS Vivobook Go 14 E1404FANK521WS AMD Ryzen 5 7520U 7th Gen Thin and Light Laptop (8GB, 512GB SSD, Windows 11 Home, 14 inch Full HD Display, MS Office Home & Student 2021, Cool Silver, 1.38 KG ",5,1,35990,62990,27000,43% Off
SAMSUNG Galaxy Book4 Metal Intel Core i5 13th Gen 1335U  (16 GB/512 GB SSD/Windows 11 Home  NP750XGJ...,4.5,"7,399",57990,82789,24799,30% Off
SAMSUNG Galaxy Book4 Metal Intel Core i3 13th Gen 1315U  (8 GB/512 GB SSD/Windows 11 Home) NP750XGJL...,4.5,"3,942",40990,57499,16509,29% Off
Apple MacBook Air Apple M4  (16 GB/256 GB SSD/macOS Sequoia) MC6T4HN/A,4.7,573,95990,99900,3910,4% Off
Lenovo MSO'2024 AMD Ryzen 5 Hexa Core 5625U  (16 GB/512 GB SSD/Windows 11 Home) 15ALC7 Thin and Light...,4.2,"4,346",37990,56490,18500,33% Off
DELL 15 AMD Ryzen 5 Hexa Core 7530U  (16 GB/512 GB SSD/Windows 11 Home) 3535 Thin and Light Laptop,4.6,53,42990,55135,12145,22% Off
MSI Intel Core i7 12th Gen 12650H  (16 GB/1 TB SSD/Windows 11 Home/4 GB Graphics/NVIDIA GeForce RTX 3...,4.8,5,79990,92990,13000,14% Off
Acer Aspire Intel Core i5 12th Gen 12450H  (16 GB/512 GB SSD/Windows 11 Home) AL1552H Thin and Light...,4.1,646,44990,56990,12000,21% Off
Apple MacBook AIR Apple M2  (16 GB/256 GB SSD/macOS Sequoia) MC7X4HN/A,4.7,"19,104",79990,85900,5910,7% Off
Infinix ZEROBOOK 13 Intel Core i5 13th Gen 13500H  (16 GB/512 GB SSD/Windows 11 Home) ZL513 Thin and ...,4.1,586,42990,79990,37000,46% Off
DELL 15 Intel Core i3 12th Gen 1215U  (8 GB/512 GB SSD/Windows 11 Home) 3520 Thin and Light Laptop,4.2,752,32899,49198,16299,33% Off
ASUS Vivobook 15 Intel Core i3 13th Gen 1315U  (8 GB/512 GB SSD/Windows 11 Home) X1504VANJ320WS Thin...,4.2,244,35990,54990,19000,35% Off
ASUS Vivobook Go 15 OLED AMD Ryzen 3 Quad Core 7320U  (8 GB/512 GB SSD/Windows 11 Home) E1504FALK322...,4.4,"3,845",35990,61990,26000,42% Off
HP 15 G9 (2025) AMD Ryzen 3 Dual Core 3250U  (16 GB/512 GB SSD/Windows 11 Pro) 15 G9 Thin and Light L...,4.1,78,28455,52990,24535,46% Off
Lenovo IdeaPad Slim 3 Intel Core i5 12th Gen 12450H  (8 GB/512 GB SSD/Windows 11 Home) 14IAH8 Thin an...,4.2,"2,242",41990,66090,24100,36% Off
Acer Aspire 3 Intel Celeron Dual Core N4500  (8 GB/512 GB SSD/Windows 11 Home) A32545 Thin and Light...,4,"2,366",23990,29990,6000,20% Off
SAMSUNG Galaxy Book4 Intel Core 5 120U  (16 GB/512 GB SSD/Windows 11 Home) NP750XGKKS2IN / NP750XGK...,4.4,205,55999,91989,35990,39% Off
Acer Aspire 3 Intel Core i3 13th Gen 1305U  (8 GB/512 GB SSD/Windows 11 Home) A32453 Thin and Light ...,4.2,"1,708",29990,49999,20009,40% Off
DELL Latitude 3540 (2024) Intel Core i3 12th Gen 1215U  (16 GB/512 GB SSD/Windows 11 Pro) Latitude 35...,4,117,34365,70990,36625,52% Off
Infinix Y4 Max Series Intel Core i5 13th Gen 1335U  (16 GB/512 GB SSD/Windows 11 Home) YL613 Thin and...,4.2,419,43390,64990,21600,33% Off
ASUS Vivobook 15 Intel Core i5 12th Gen 1235U  (16 GB/512 GB SSD/Windows 11 Home) X1504ZANJ549WS Thi...,4.2,"7,620",44990,66990,22000,33% Off
ASUS Vivobook Go 15 AMD Ryzen 3 Quad Core 7320U  (8 GB/512 GB SSD/Windows 11 Home) E1504FANJ131WS Th...,4.2,"3,118",30990,44990,14000,31% Off
Acer Aspire Lite AMD Ryzen 5 Hexa Core 5625U  (16 GB/512 GB SSD/Windows 11 Home) AL1541 Thin and Lig...,4.1,"1,120",34890,56999,22109,39% Off
DELL Latitude 3440 (2024) Intel Core i3 12th Gen 1215U  (8 GB/512 GB SSD/Windows 11 Pro) Latitude 344...,4.1,92,30390,68990,38600,56% Off
,Cameras,,,,,
"Canon EOS 3000D DSLR Camera 1 Body, 18  55 mm Lens",4.4,"27,687",30990,35995,5005,14% Off
Canon EOS 1500D DSLR Camera Body+ 1855 mm IS II Lens,4.5,"17,276",40990,47995,7005,15% Off
SONY Alpha 6100L Mirrorless Camera Body With 1650mm,4.5,42,58990,75990,17000,22% Off
NIKON D850 DSLR Camera 24120 mm VR Lens,4.6,14,271950,,,
Canon EOS R50 Mirrorless Camera Body with RF  S 18  45 mm f/4.5  6.3 IS STM,4.6,732,64990,75995,11005,14% Off
SONY Alpha 6100Y Mirrorless Camera Body With 1650mm & 55210mm,4.6,149,69990,89990,20000,22% Off
"SrO 1 Kids Camera Toys for 38 Year Old Girls Boys,Children Digital Video Camcorder DSLR Camera YES",,,1099,3000,1901,63% Off
SONY ZVE10L Mirrorless Camera Body with 1650 mm Power Zoom Lens Vlog,4.4,947,61490,69990,8500,12% Off
Panasonic G90MGWK Mirrorless Camera Body with 12  60 mm F3.55.6 Power O.I.S. Lens,,,72990,119990,47000,39% Off
Canon R100 Mirrorless Camera RFS 1845mm f/4.56.3 IS STM,4.4,"1,255",49990,64995,15005,23% Off
SONY Alpha ILCE6600M APSC Mirrorless Camera with 18135 mm Zoom Lens Featuring Eye AF and 4K movie r...,4.6,626,94990,160990,66000,41% Off
SONY ILCE6100X Mirrorless Camera Body with with SELP16502 & SEL55210,4.6,862,73990,89990,16000,18% Off
SONY Alpha 7M3K Mirrorless Camera Body with 2870mm Zoom,4.6,342,131990,161490,29500,18% Off
SONY ILCE6700 Mirrorless Camera Body Only Made for Creators | 26.0 MP | Artificial Intelligence based...,4.8,21,121490,136900,15410,11% Off
Canon EOS R50 Mirrorless Camera RF  S 18  45 mm f/4.5  6.3 IS STM and RF  S 55  210 mm f/5  7.1 ...,4.6,732,78990,97995,19005,19% Off
SONY Alpha ILCE6600 APSC Mirrorless Camera Body Only Featuring Eye AF and 4K movie recording,4.6,626,65490,124990,59500,48% Off
Canon EOS R10 Mirrorless Camera Body with RFS 18  45 mm f/4.5  6.3 IS STM Lens,4.6,362,77990,92995,15005,16% Off
Canon EOS R50 V Mirrorless Camera Body withRFS1430mm F46.3IS STMPZ Lens,,,74499,79995,5496,7% Off
SONY ILCE6100K Mirrorless Camera Body with SELP16502 Power Zoom,4.6,862,61490,75990,14500,19% Off
SONY Alpha 6400M Mirrorless Camera Body With 18135mm,4.8,18,88488,116490,28002,24% Off
SONY ZVE10L Mirrorless Camera Body with 1650 mm Power Zoom Lens Vlog,4.4,947,61490,69990,8500,12% Off
SONY ILMEFX3 Mirrorless Camera Body Only,,,362990,399990,37000,9% Off
Panasonic DMCG85KGWK Mirrorless Camera Body with 14  42 mm Lens,4.4,155,48990,74660,25670,34% Off
dkian Digital Kids camera 20MP 1080P with 32GB Memory Card Mini Mirrorless Camera,3.5,11,2931,5999,3068,51% Off
NIKON Z7 II Kit Mirrorless Camera 2470mm F/4S with 64GB UHSII SD Card,4,10,209990,294995,85005,29% Off
SONY ZVE10 Mirrorless Camera Body Only Vlog,4.5,246,52490,59490,7000,12% Off
NIKON Z50 II Mirrorless Camera Body with 1650 Lens,5,8,83999,91645,7646,8% Off
dkian kids Digital Camera 1080p 2 Batteries Lanyard 16X Zoom Anti Shake 44Mp Mirrorless Camera na,,,5999,8999,3000,33% Off
NIKON Z50 II Mirrorless Camera Body Only,5,8,72499,77995,5496,7% Off
dkian Digital Kids camera 20MP 1080P 32GB Card supported kids Mirrorless Camera,2.1,10,1927,3999,2072,52% Off
SONY ZV1M2 Mirrorless Camera Body with Versatile 18?50 mm,,,79989,86990,7001,8% Off
Canon EOS R50 Mirrorless Camera Body with RF  S 18  45 mm f/4.5  6.3 IS STM,4.6,732,64990,75995,11005,14% Off
Canon EOS R10 Mirrorless Camera Body with RFS 18  45 mm f/4.5  6.3 IS STM Lens,4.6,362,77990,92995,15005,16% Off
SONY Alpha ILCE6600 APSC Mirrorless Camera Body Only Featuring Eye AF and 4K movie recording,4.6,626,65490,124990,59500,48% Off
Canon R100 Mirrorless Camera RFS 1845mm f/4.56.3 IS STM,4.4,"1,255",49990,64995,15005,23% Off
SONY Alpha 6100Y Mirrorless Camera Body With 1650mm & 55210mm,4.6,149,69990,89990,20000,22% Off
SONY ILCE6700M Mirrorless Camera Body Only with 18135mm Lens Made for Creators | 26.0 MP | Artificia...,4.6,12,153990,172990,19000,11% Off
SONY Alpha 6400M Mirrorless Camera Body With 18135mm,4.8,18,88488,116490,28002,24% Off
SONY Alpha 7M4K Mirrorless Camera Body Only,4,43,220990,262490,41500,16% Off
SONY Alpha 6400 Mirrorless Camera Body Only,4.1,7,65487,80490,15003,19% Off
SONY Alpha ILCE6100 APSC Mirrorless Camera Body Only Featuring Eye AF and 4K movie recording,4.6,149,51989,64990,13001,20% Off
dkian Digital Kids camera 20MP 1080P with 32GB Memory Card Mini Mirrorless Camera,3.5,11,2931,5999,3068,51% Off
dkian Digital Kids camera 20MP 1080P 32GB Card supported kids Mirrorless Camera,2.1,10,1927,3999,2072,52% Off
"dkian Digital Kids 20MP, 1080P with 32GB Memory Card Mini Mirrorless Camera",3.3,20,2929,3999,1070,27% Off
NIKON Z30 Mirrorless Camera Body only,4.3,131,49990,59895,9905,17% Off
NIKON Z 50 Mirrorless Camera Body with 1650mm Lens,4.5,567,69990,82995,13005,16% Off
SONY ILCE6700 Mirrorless Camera Body Only Made for Creators | 26.0 MP | Artificial Intelligence based...,4.8,21,121490,136900,15410,11% Off
Canon EOS R50 Mirrorless Camera Body with RF  S 18  45 mm f/4.5  6.3 IS STM,4.6,732,64990,75995,11005,14% Off
Canon EOS R10 Mirrorless Camera Body with RFS 18  45 mm f/4.5  6.3 IS STM Lens,4.6,362,77990,92995,15005,16% Off
Canon EOS R10 Mirrorless Camera Body with RFS 18  150 mm f/3.5  6.3 IS STM Lens Kit,4.6,362,102990,119995,17005,14% Off
Panasonic G90MGWK Mirrorless Camera Body with 12  60 mm F3.55.6 Power O.I.S. Lens,,,72990,119990,47000,39% Off
NIKON Z30 Mirrorless Camera Z DX 16  50 mm f/3.5  6.3 VR Lens,4.3,131,57990,73495,15505,21% Off
NIKON Z6III Mirrorless Camera Body with Nikkor Z 2470mm f/4 S,5,4,218990,292990,74000,25% Off
FUJIFILM Mirrorless XT4 Mirrorless Camera Body with XF1680mm and XF33mm F1.4 R LM WR lens and BCW23...,4.3,24,189990,284998,95008,33% Off
NIKON Z5 Mirrorless Camera 2470 mm,4.3,33,114899,156995,42096,27% Off
NIKON Z6III Mirrorless Camera Body Only,5,4,179990,247990,68000,27% Off
SONY FX3 Cinema Line Mirrorless Camera Body only,,,362989,399990,37001,9% Off
NIKON Z30 Mirrorless Camera Z DX 18  140 mm f/3.5  6.3 VR Lens,4.3,131,82990,97795,14805,15% Off
SONY Alpha ILCE7RM3A Full Frame Mirrorless Camera Body Featuring Eye AF and 4K movie recording,4.5,21,169990,204990,35000,17% Off
NIKON Z Series Z F Mirrorless Camera NIKKOR Z 40MM F/2,5,3,158990,194995,36005,18% Off
FUJIFILM Instax Mini 11 Purple with Pouch and 10 Shot film Instant Camera,4.5,57,9550,9995,445,4% Off
FUJIFILM Instax Mini Evo Hybrid Premium Edition Instant Camera,4.6,112,19998,22990,2992,13% Off
FUJIFILM Instax Square SQ40 Instant Camera,3.8,5,13999,16999,3000,18% Off
FUJIFILM Instax Mini11 Instant Camera,4.5,11,8895,8995,100,1% Off
FUJIFILM Instax Pal Instant Camera,3.3,3,9999,13999,4000,29% Off
FUJIFILM Instax Pal Instant Camera,3.3,3,10999,13999,3000,21% Off
FUJIFILM instax mini 11 Instax Mini 11 Blue with 10x2 Film + Hanging Frames + Plastic Frames + Case + ...,4.6,35,11621,11995,374,3% Off
FUJIFILM WIDE Instax Wide 400 Instant Film Camera with wide 10X1 Instant Film Instant Camera,,,18900,20899,1999,10% Off
"FUJIFILM instax mini 11 Mini 11 Blue with 20 shots,pouch, Album, frames, color filters, stickers Insta...",4.3,3,11772,12395,623,5% Off
FUJIFILM Instax Mini 11 Instax Mini 11 white with 10x2 Film + Hanging Frames + Plastic Frames + Case +...,4.2,5,11688,12495,807,6% Off
FUJIFILM Instax Mini 11 with Twin Pack Instant Camera,3.8,6,9577,9999,422,4% Off
"FUJIFILM Instax mini 12 Blossom Pink+10x2 Film+ 10x1 rainbow film+Carrying Case,Album,Stickers,frames ...",,,13362,14995,1633,11% Off
"FUJIFILM instax mini 11 Mini 11 White with transparent case, 10x1 film and 20 stickers Instant Camera",,,9777,9995,218,2% Off
FUJIFILM Instax Mini 11 Black with Pouch and 10 Shot film Instant Camera,4.2,27,9450,9995,545,5% Off
FUJIFILM Instax Mini 11 White with Pouch and 10 Shot film Instant Camera,4.6,5,9450,9995,545,5% Off
FUJIFILM Instax Mini 11 Sky Blue with Carrying Case with Film Value Pack (40 Sheets) Accessories Bundl...,4.7,6,13360,13495,135,1% Off
FUJIFILM WIDE Instax Wide 400 Camera with wide 10X2 Instant Film Instant Camera,,,21990,,,
"FUJIFILM Instax Mini 11 Instant Camera Mini 11 Instant Camera with 10 sheets film roll ,camera case & ...",,,9795,9995,200,2% Off
FUJIFILM Instax mini 12 Print Film (Pastel Blue) Instant Camera,,,9238,9499,261,3% Off
FUJIFILM Instax Mini 11 Instax Mini 11 Purple with 10x2 Film + Hanging Frames + Plastic Frames + Case ...,4.5,34,11681,11995,314,3% Off
FUJIFILM Instax mini 11 Sky Blue with pouch and 10 Shot film Instant Camera,4.1,23,9446,9995,549,5% Off
FUJIFILM Instax Mini 11 Instant Camera,,,8895,8995,100,1% Off
FUJIFILM Instax Pal Instant Camera,3.3,3,10999,13999,3000,21% Off
FUJIFILM Instax Mini 11 INSTAX Mini 11 with 10X1 Instant Film With Panda Pouch Instant Camera,4.4,9,9138,9995,857,9% Off
RHONNIUM 4K Ultra HDType042  4K Wifi Cam Waterproof Sports and Action Camera,3.3,10,1500,4000,2500,63% Off
Cubonic Professional 4K Full HD WiFi 30M Waterproof Sports Action Camera Waterproof DV Camcorder 16MP ...,3.6,178,1941,4999,3058,61% Off
SONY ZVE10L Mirrorless Camera Body with 1650 mm Power Zoom Lens Vlog,4.4,947,61490,69990,8500,12% Off
SONY Alpha ILCE6600 APSC Mirrorless Camera Body Only Featuring Eye AF and 4K movie recording,4.6,626,65490,124990,59500,48% Off
AVOIHS Camera Action Camera 4k Full HD 16MP Wifi 30M Waterproof Camcorder Sports and Action Camera,3.7,18,1911,2899,988,34% Off
AVOIHS Camera Action Camera Air 4K Full HD WiFi 30M Waterproof Camcorder 16MP Sports and Action Camera,1,1,1899,2899,1000,34% Off
Smars Sports Action Camera Action Camera 4k 16MP Wifi 30M Waterproof Sports Camera DV Camcorder Camera...,,,1779,4000,2221,56% Off
SONY FDR Series FDRAX43A Camcorder,4.5,2,87990,,,
YK RETAIL ACTION CAMERA 4K Full HD WiFi 30M Waterproof Sports Action Camera Waterproof DV Camcorder 16...,3,4,1740,7000,5260,75% Off
SJCAM SJ10 PRO Dual Screen 4K/60fps Ultra HD Video Record | 6Axis Gyro Stabilization | Sports and Act...,3.3,9,16999,41000,24001,59% Off
SONY ILCE6700 Mirrorless Camera Body Only Made for Creators | 26.0 MP | Artificial Intelligence based...,4.8,21,121490,136900,15410,11% Off
SONY Alpha ILCE7CL Full Frame Mirrorless Camera with 2860 mm Zoom LensFeaturing Eye AF and 4K movie ...,4.6,111,151989,172590,20601,12% Off
SONY Alpha 7M4K Mirrorless Camera Body Only,4,43,220990,262490,41500,16% Off
SONY Alpha ILCE7SM3 Full Frame Mirrorless Camera Body Featuring Eye AF and 4K movie recording,4.2,13,296989,334990,38001,11% Off
mytechvision 3 INCH DISPLAY 18X ZOOM Camcorder,3.5,6,11954,19999,8045,40% Off
"Swa Mi Good Quality E88 Pro Remote Control dron Dual Camera dron 720p Video, Wifi Fpv1 Drone",,,2693,8999,6306,70% Off
"Swa Mi Live Video, Wifi Drone for Adults With HD 120 Degree Wide Angle Camera_a18 Drone",,,2499,8999,6500,72% Off
Canon EOS R50 Mirrorless Camera Body with RF  S 18  45 mm f/4.5  6.3 IS STM,4.6,732,64990,75995,11005,14% Off
Swa Mi K3&E99 dron4k HD foldable dronWith Camera 4k HD Mini dron1080P Live Video_a9 Drone,,,2695,8999,6304,70% Off
"Swa Mi Live Video, Wifi Drone for Adults With HD 120 Degree Wide Angle Camera_a4 Drone",,,2693,8999,6306,70% Off
Swa Mi Best Quality E88 Pro Remote Control Drone Dual Camera Drone 720p Video_19 Drone,,,2693,8999,6306,70% Off
Canon EOS R10 Mirrorless Camera Body with RFS 18  45 mm f/4.5  6.3 IS STM Lens,4.6,362,77990,92995,15005,16% Off
"Swa Mi E88 PRO High Quality dronHD, Dual Camera Mini dron720p Video, Wifi Fpv Drone_19 Drone",,,2693,8999,6306,70% Off
"Swa Mi E88 Pro Foldable Remote Control Drone Dual Camera Drone 720p Video, Wifi Fpv1 Drone",,,2697,8999,6302,70% Off
,Washing Machine,,,,,
realme TechLife 7.5 kg 5 Star Rating Fabric Safe Wash Fully Automatic Top Load Washing Machine Grey,4.1,"27,025",11790,19990,8200,41% Off
"SAMSUNG 9 kg 5 Star, AI Ecobubble, Super Speed, WiFi, Hygiene Steam, Digital Inverter Motor Fully Aut...",4.3,"17,205",37990,50990,13000,25% Off
realme TechLife 7 kg Inbuilt Heater with ExpertWash Fully Automatic Front Load Washing Machine with I...,4.1,"1,733",20990,39990,19000,48% Off
"MarQ by Flipkart 7 kg 5 Star Rating Innowash Range Semi Automatic Top Load Washing Machine Blue, White",4.3,"56,673",7290,13990,6700,48% Off
"Whirlpool 6.5 kg 5 Star with Ace Wash Station, 1400 RPM Speed and Rust Proof Body Semi Automatic Top L...",4.4,"31,027",9390,12050,2660,22% Off
"Whirlpool 8.5 kg 5 Star with Auto Restart, End of Cycle Buzzer, Lint Filter and Collar Scrubber Semi A...",4.4,"31,027",12990,17400,4410,25% Off
"realme TechLife 8.5 kg 5 Star rating Semi Automatic Top Load Washing Machine Grey, Black",4.2,"80,351",9690,18990,9300,49% Off
"Kenstar 8.5 Kg Swift Dry Lid Semi Automatic Top Load Washing Machine White, Red",4.3,37,8990,17990,9000,50% Off
"SAMSUNG 9.5 kg 5 star,Air Turbo Drying Semi Automatic Top Load Washing Machine Black, Grey",4.4,"30,794",14990,20400,5410,27% Off
"LG 9 kg Fully Automatic Top Load Washing Machine Black, Grey",4.4,"74,052",24990,33990,9000,26% Off
"IFB 8 kg 5 Star with Steam Refresh program, 9 Swirl Wash, Eco Inverter, Touch Panel with AI Fully Auto...",4.3,"90,497",34490,45990,11500,25% Off
"Voltas Beko by A Tata Product 7.5 kg Washer only Maroon, White",4.1,"2,389",5580,7490,1910,26% Off
realme TechLife 10 kg Semi Automatic Top Load Washing Machine Grey,4.2,"80,351",10290,19990,9700,49% Off
"LG 9 kg 5 Star with AI Direct Drive, 6 Motion, Inverter Direct Drive, Steam and WiFi Enabled Fully Au...",4.4,"6,813",38990,52990,14000,26% Off
Whirlpool 6.5 kg Fully Automatic Top Load Washing Machine with Inbuilt Heater Grey,4.1,"34,568",15990,21150,5160,24% Off
"SAMSUNG 7 kg 5 star, Air Turbo Drying Semi Automatic Top Load Washing Machine Grey, Purple",4.4,"30,794",10690,14150,3460,24% Off
MOTOROLA 7.5 kg 5 star rating Midnight Series Semi Automatic Top Load Washing Machine Black,4.3,"10,582",7990,13990,6000,43% Off
"LG 7 kg 5 Star, Allergen free with Steam, Inverter Direct Drive  Less vibration, less noise, 6 Motion...",4.4,"6,813",27990,43490,15500,36% Off
realme TechLife 9 kg Inbuilt Heater with MegaWash+ Fully Automatic Front Load Washing Machine with In...,4.1,"1,733",24290,46990,22700,48% Off
"Voltas Beko 6 kg Semi Automatic Top Load Washing Machine Maroon, White",4.3,"18,731",7690,12000,4310,36% Off
MOTOROLA 8 kg 5 star rating Midnight Series Semi Automatic Top Load Washing Machine Black,4.3,"10,582",9490,15990,6500,41% Off
"SAMSUNG 7.5 Kg Semi Automatic Top Load Washing Machine Grey, Red",4.4,"30,794",11290,15800,4510,29% Off
"LG 8 kg 5 Star, Inverter Direct Drive Technology, WiFi Enabled, 6 Motion DD, Steam Fully Automatic Fr...",4.4,"6,813",34990,50490,15500,31% Off
"MarQ by Flipkart 9 kg 5 Star Rating Innowash Range Semi Automatic Top Load Washing Machine White, Grey",4.3,"56,673",9790,17990,8200,46% Off
"SAMSUNG 12 kg 5 Star, AI Ecobubble, Super Speed, WiFi, Hygiene Steam, Digital Inverter Motor Fully Au...",4.3,"17,205",43990,52990,9000,17% Off
"SAMSUNG 9 kg 5 Star, AI Ecobubble, Super Speed, WiFi, Hygiene Steam, Digital Inverter Motor Fully Aut...",4.3,"17,205",37990,50990,13000,25% Off
SAMSUNG 7 kg Diamond Drum Fully Automatic Top Load Washing Machine Silver,4.3,"83,437",15290,21000,5710,27% Off
"SAMSUNG 7 kg 5 star, Ecobubble, Digital Inverter, Fully Automatic Top Load Washing Machine Grey",4.3,"83,437",17490,22500,5010,22% Off
"Haier 6.5 kg Balance Clean Pulsator, Custom Wash Cycles with 15 Mins Quick Wash, Magic Filter Fully Au...",4.3,"62,208",12490,18990,6500,34% Off
Whirlpool 7 kg Magic Clean 5 Star Fully Automatic Top Load Washing Machine Grey,4.1,"34,568",14990,19800,4810,24% Off
"SAMSUNG 8 kg 5 star, Ecobubble, Digital Inverter, Fully Automatic Top Load Washing Machine Grey",4.3,"83,437",19990,27000,7010,26% Off
"realme TechLife 7 kg 5 Star rating Semi Automatic Top Load Washing Machine White, Black",4.2,"80,351",7390,12490,5100,41% Off
"SAMSUNG 9 kg 5 star, Ecobubble, WiFi, Digital Inverter, Fully Automatic Top Load Washing Machine Grey",4.3,"83,437",23990,30500,6510,21% Off
ONIDA 9 kg Washer only Black,4.2,"29,750",6490,7250,760,10% Off
MOTOROLA 14 kg 5 star rating Midnight Series Soft closing Glass lid Semi Automatic Top Load Washing Ma...,4.3,"10,582",12990,22990,10000,43% Off
"MarQ by Flipkart 6 kg 5 Star Rating Innowash Range Semi Automatic Top Load Washing Machine White, Maro...",4.2,"26,120",6590,11990,5400,45% Off
MOTOROLA 7.5 kg 5 star rating Midnight Series Semi Automatic Top Load Washing Machine Black,4.3,"10,582",7990,13990,6000,43% Off
realme TechLife 7.5 kg 5 Star Rating Fabric Safe Wash Fully Automatic Top Load Washing Machine Grey,4.1,"27,025",11790,19990,8200,41% Off
"BOSCH 7 kg Fully Automatic Front Load Washing Machine Black, Grey",4.3,"9,318",30990,50990,20000,39% Off
"LG 7 kg 5 Star with Wind Jet Dry, Collar Scrubber and Rust Free Plastic Base Semi Automatic Top Load W...",4.5,"44,070",11490,16390,4900,30% Off
realme TechLife 9 kg MegaWash Range Fully Automatic Top Load Washing Machine Grey,4.1,"27,025",13990,28990,15000,52% Off
"realme TechLife 7.5 kg 5 Star Rating Semi Automatic Top Load Washing Machine Black, Grey",4.2,"80,351",7890,13990,6100,44% Off
"IFB 6 kg 5 Star with Steam Refresh program, 9 Swirl Wash, Eco Inverter, Powered by AI with Power Steam...",4.2,167,24990,34390,9400,27% Off
MOTOROLA 10 kg 5 star rating Midnight Series Semi Automatic Top Load Washing Machine Black,4.3,"10,582",10690,20990,10300,49% Off
Whirlpool 7.5 kg Fully Automatic Top Load Washing Machine with Inbuilt Heater Grey,4.1,"34,568",17990,23250,5260,23% Off
"LG 7 kg 5 Star, Inverter Direct Drive Technology, 6 Motion DD, Steam, Fully Automatic Front Load Washi...",4.4,"6,813",29990,44490,14500,33% Off
"SAMSUNG 8 kg Semi Automatic Top Load Washing Machine Black, Grey",4.4,"30,794",12770,15990,3220,20% Off
"Whirlpool 7 kg 5 Star with Ace Wash Station, 1400 RPM Speed and Rust Proof Semi Automatic Top Load Was...",4.4,"31,027",9990,12800,2810,22% Off
,Coolers,,,,,
Hindware Smart Appliances 55 L Room/Personal Air Cooler,4.1,"84,781",8699,15090,6391,42% Off
BAJAJ 42 L Room/Personal Air Cooler,3.8,"25,264",5405,9999,4594,46% Off
BAJAJ 24 L Room/Personal Air Cooler,3.8,610,5199,8390,3191,38% Off
BAJAJ 135 L Desert Air Cooler,4.1,16,9499,15290,5791,38% Off
BAJAJ 24 L Room/Personal Air Cooler,3.3,26,9879,10289,410,4% Off
BAJAJ 36 L Room/Personal Air Cooler,4.2,210,8599,16090,7491,47% Off
BAJAJ 36 L Tower Air Cooler,4.3,182,10900,18780,7880,42% Off
BAJAJ 70 L Desert Air Cooler,3.7,688,4912,6986,2074,30% Off
BAJAJ 70 L Desert Air Cooler,3.9,113,5116,8990,3874,43% Off
BAJAJ 95 L Room/Personal Air Cooler,4,65,5107,8390,3283,39% Off
HiFlo 40 Personal Air Cooler 40-litres with Powerful air throw,4.7,33,"6,699 ","9,999 ",,33% Off
Diet 3D 30B BLDC Tower Air Cooler 30-litres with Magnetic Remote,4.6,89,"12,199 ","13,999 ",,13% Off
Jumbo 51 Room Desert Air Cooler 51-litres with Trolley,4.7,132,"8,849 ","12,799 ",,31% Off
Diet 3D 55B BLDC Tower Air Cooler 55-litres with Magnetic Remote,4.6,94,"15,299 ","16,499 ",,7% Off
Jumbo 70 Desert Air Cooler 70-litres,4.7,118,"10,299 ","13,499 ",,24% Off
"Sumo 40XL Desert Air Cooler, 40 Litres",4.7,59,"6,699 ","9,799 ",,32% Off
Jumbo 75XL+ Desert Air Cooler 75-litres,4.7,35,"9,799 ","13,499 ",,27% Off
Ice Cube 27 Personal Room Air Cooler with Powerful Fan,4.6,165,"5,999 ","8,499 ",,29% Off
Jumbo 95 XL+ Air Cooler,5,2,"10,491 ","14,999 ",,30% Off
Diet 3D 55i+ Air Cooler 55-litres with Full Function Remote,4.5,91,"12,899 ","13,599 ",,5% Off
HiFlo 40 Personal Air Cooler 40-litres with Powerful air throw,4.7,33,"6,699 ","9,999 ",,33% Off
Diet 3D 30B BLDC Tower Air Cooler 30-litres with Magnetic Remote,4.6,89,"12,199 ","13,999 ",,13% Off
Jumbo 51 Room Desert Air Cooler 51-litres with Trolley,4.7,132,"8,849 ","12,799 ",,31% Off
Diet 3D 55B BLDC Tower Air Cooler 55-litres with Magnetic Remote,4.6,94,"15,299 ","16,499 ",,7% Off
Jumbo 70 Desert Air Cooler 70-litres,4.7,118,"10,299 ","13,499 ",,24% Off
"Sumo 40XL Desert Air Cooler, 40 Litres",4.7,59,"6,699 ","9,799 ",,32% Off
Jumbo 75XL+ Desert Air Cooler 75-litres,4.7,35,"9,799 ","13,499 ",,27% Off
Ice Cube 27 Personal Room Air Cooler with Powerful Fan,4.6,165,"5,999 ","8,499 ",,29% Off
Jumbo 95 XL+ Air Cooler,5,2,"10,491 ","14,999 ",,30% Off
Diet 3D 55i+ Air Cooler 55-litres with Full Function Remote,4.5,91,"12,899 ","13,599 ",,5% Off
HiFlo 40 Personal Air Cooler 40-litres with Powerful air throw,4.7,33,"6,699 ","? 9,999",,33% Off
Diet 3D 30B BLDC Tower Air Cooler 30-litres with Magnetic Remote,4.6,89,"12,199 ","13,999",,13% Off
Jumbo 51 Room Desert Air Cooler 51-litres with Trolley,4.7,132,"8,849 ","12,799",,31% Off
Diet 3D 55B BLDC Tower Air Cooler 55-litres with Magnetic Remote,4.6,94,"15,299 ","16,499",,7% Off
Jumbo 70 Desert Air Cooler 70-litres,4.7,118,"10,299 ","13,499",,24% Off
"Jumbo 200 EX Air Cooler, 200 litres",5,5,"15,499 ","19,999",,22% off
Movicool L 200 Large space Cooler 200-litres,4.9,12,"20,699 ","24,999",,17%
Movicool DD 125 Double Decker Air Cooler 125-litres,4.6,39,"27,999 ","29,999",,6%
Movicool L 125 Large space Cooler 125-litres,4.8,33,"18,999 ","22,499",,15%
"Arctic circle Air Cooler, 120 Litres",4.5,2,"16,499 ","19,999",,17%
"Silenzo 120i Air Cooler, 120 litres",5,9,"17,599 ","20,999",,16%
Sumo 115 XL Powerful Desert Air Cooler 115-litres,4.7,112,"15,499 ","18,999",,18%
"Arctic Circle 100 Air Cooler, 100 litres",4.6,5,"14,399 ","18,499",,22%
"Silenzo 100 Air Cooler, 100 litres",4.9,13,"15,999 ","19,999",,20%
Jumbo 95 XL+ Air Cooler,5,2,"10,491 ","14,999",,30%
Storm C 100XL Desert Tower Air Cooler 95 litres,4.7,44,"14,399 ","16,499",,12%
Touch 80 Desert Room Air Cooler 80-litres,4.7,53,"14,399 ","17,499",,17%
Winter 80B: 1st Air Cooler With BLDC  Technology,4.4,68,"17,999 ","19,999",,10%
Jumbo 75XL+ Desert Air Cooler 75-litres,4.7,35,"9,799 ","13,499",,27%
Sumo 75 XL Powerful Desert Air Cooler 75-litres,4.9,71,"13,899 ","15,499",,10%
Jumbo 70 Desert Air Cooler 70-litres,4.7,118,"10,299 ","13,499",,23%
Storm 70 XL Desert Tower Air Cooler 70-litres,4.6,147,"12,849 ","14,999",,14%
Sumo 60 Desert Air Cooler,5,2,"8,249 ","10,999",,25%
,,,,,,
,,,,,,
,,,,,,
,,,,,,
